{"cameraMode":{"drawMode":0,"name":"Shaded","section":"Shading Mode"},"sceneLighting":true,"audioPlay":false,"sceneViewState":{"showFog":true,"showMaterialUpdate":false,"showSkybox":true,"showFlares":true,"showImageEffects":true,"showParticleSystems":true},"in2DMode":false,"pivot":{"x":1.337890625,"y":0.5374387502670288,"z":0.418549120426178},"rotation":{"x":-0.3181253671646118,"y":0.6305046677589417,"z":-0.6331655383110046,"w":-0.31679898500442507},"size":7.4318647384643559,"orthographic":true}