{"cameraMode":{"drawMode":0,"name":"Shaded","section":"Shading Mode"},"sceneLighting":true,"audioPlay":false,"sceneViewState":{"showFog":true,"showMaterialUpdate":false,"showSkybox":true,"showFlares":true,"showImageEffects":true,"showParticleSystems":true},"in2DMode":false,"pivot":{"x":0.11722299456596375,"y":0.46285098791122439,"z":0.7624545693397522},"rotation":{"x":0.16709835827350617,"y":0.8273839354515076,"z":-0.323116272687912,"w":0.4279133677482605},"size":1.7834261655807496,"orthographic":true}