{"cameraMode":{"drawMode":0,"name":"Shaded","section":"Shading Mode"},"sceneLighting":true,"audioPlay":false,"sceneViewState":{"showFog":true,"showMaterialUpdate":false,"showSkybox":true,"showFlares":true,"showImageEffects":true,"showParticleSystems":true},"in2DMode":false,"pivot":{"x":430.9853820800781,"y":247.04310607910157,"z":-18.434337615966798},"rotation":{"x":-0.2969414293766022,"y":0.008593776263296605,"z":-0.0026721630711108448,"w":-0.9548532962799072},"size":593.1986694335938,"orthographic":true}